"","PC1","PC2","PC3","PC4","PC5","PC6","PC7","PC8","PC9","PC10","PC11","PC12","PC13","PC14","PC15","PC16","PC17","PC18","PC19","PC20","PC21","PC22","PC23","PC24","PC25","PC26","PC27","PC28","PC29","PC30","PC31","PC32","PC33","PC34","PC35","PC36","PC37","PC38","PC39","PC40","PC41","PC42","PC43","PC44","PC45","PC46","PC47","PC48","PC49","PC50","PC51","PC52","PC53","PC54","PC55","PC56","PC57","PC58","PC59","PC60","PC61","PC62","PC63"
"1,6-Anhydro-beta-D-glucose",-1.49865400350816,-0.197541255401935,0.148723491262758,0.422710709564896,0.183899739072506,-0.111192891628444,0.00566700023569055,0.162388991202542,0.0778655651345813,0.187683596875576,0.0221679958690201,0.0196087755225766,0.119952408874291,-0.0850352117262306,-0.00830267953238272,-0.0352721874852677,0.17291957758392,-0.237565870625165,-0.143469583702407,0.109079179559455,-0.133432073363096,0.00701607948262183,-0.0642983326701638,0.179423170645416,-0.173545057233799,-0.0219537572374097,-0.0932951115659624,0.194171151223933,-0.0216911399202194,0.00918784059894781,0.061579717429992,0.0346580271865073,0.0221339476259955,-0.0135108196817284,0.00587406669842849,-0.00701579467675596,-0.0330777938178637,-0.0129102446027547,0.0337407981633745,-0.0130466044226157,-0.018674279252956,0.000106585764946164,0.00513240305792722,0.00910582442499633,-0.000503251438399422,-0.00606810525714819,0.00330649415213145,-0.00200320017302726,0.00406989357950742,0.005035924342714,0.00538509384688495,0.000403840714313587,-0.000587607691511006,0.000830003995036913,0.000554168424274115,-0.000789350446130252,0.000541753110678507,0.000152182444790514,4.92349935228772e-05,-0.00019445061276128,2.55196434699855e-05,4.47467959074285e-05,1.09634523681734e-15
"1-Methylnicotinamide",-1.79677514929854,0.0657505976632307,0.134921508153844,0.136581225255454,0.0128313662989412,0.23129066929959,0.0346300991421226,-0.0405486627066367,0.123319923629093,-0.0357079905862481,0.0410614782670277,-0.0445893195080515,-0.0291184942770822,-0.108714457440401,-0.118252158707754,-0.072063624990472,-0.0761016097438348,0.000353858502317176,-0.246781354159681,-0.0687053608242834,0.111197981451286,0.23608139153115,-0.115019668238826,-0.1367010734449,0.0774148122077357,-0.0184600316246185,0.0590836034875357,0.109960511580275,-0.119404527500245,-0.0441182941228856,-0.0196932770833393,-0.0320079416621038,0.0327746182101096,-0.0427137725457101,0.00943710404276512,0.0536049521209179,0.0119079775801942,-0.00658725849817481,0.013651552024426,0.0248765428629643,-0.000736326977807053,0.0171174709562366,-0.0226403636541063,-0.00727137822125319,-0.0121137489179996,-0.0113888088095028,-0.0111464647507516,-0.0030921535318048,0.00418809336210046,-0.000802830119974257,-0.000817035334863403,0.00370071431037025,-0.00250186038840467,-3.94862949826269e-06,-0.000727133719842319,0.00147497737109255,-6.03285380013294e-05,0.000557724202675493,-0.000418865526847861,0.00032776939898338,0.000222298532834314,-2.31354139671319e-05,-8.32667268468867e-17
"2-Aminobutyrate",-2.1302131613155,-0.1073885173511,0.163867231109038,0.222697773257933,0.0299161166474003,0.138565069924485,0.0452776678116005,0.0167064800673555,0.0953289007646211,-0.0279929680735272,-0.0331700608861605,-0.0443099307417351,-0.0362412410901557,-0.0188187362480386,-0.0089746740826215,-0.0156778327597358,-0.0403796237817256,-0.0289915309089455,-0.00586510570061699,-0.00893290647923332,-0.00309538969895114,-0.0276503261826006,-0.0305211274547522,0.00328584688530483,-0.0433802347078455,0.0327539670985687,-0.00363324446107435,0.0159828264591405,0.0421121315509927,0.0137104472325074,-0.0226830724491057,-0.0113353846530032,0.0216126519628686,0.00397661827927978,0.00332783507339971,0.0121965975055063,0.0289588379073107,-0.000328467462457546,-0.0119304280624927,0.00175905049237194,0.00707429277597658,-0.00302367466876354,0.00384105373006443,-0.0140634918001384,0.0242020895788212,0.0485128804617434,-0.00192256736917552,-0.00136132557349764,0.0300739322914948,0.0201915525212394,-0.00170033527465478,0.00765735195745843,-0.000748022433912916,-0.00244653723217405,-0.000631622444862312,0.000721767598486245,-0.00248333924461917,0.00278609495151914,-0.00110527389400884,0.000576913849485309,0.000716063791670472,-0.000288557642658741,3.46944695195361e-16
"2-Hydroxyisobutyrate",-1.99255507855165,-0.092843389284864,0.139797712354103,0.208817822489226,0.0352853826770773,0.135956270292533,0.0585094783528969,0.0297915430607452,0.0556888252429484,-0.0357057981008778,-0.0202834341060999,-0.0441190677527048,-0.0119112200168802,-0.0139284482181009,-0.0454116850239221,-0.0430863908941944,0.00648082145259364,-0.0106057608825372,-0.0164970960109063,-0.00150407422157868,-0.0157379701734958,0.00686702455369689,-0.0035077602355239,0.0223582804082617,-0.0250341725417684,-0.00401722760403518,0.0119792497814319,-0.0190485532443401,0.0228921628055413,0.0309199102212002,-0.00665857578014607,0.0192252808216482,-0.00856575929436304,-0.00274012484671336,-0.00408200042881653,0.0182020463776115,0.0236635059970917,0.0133985639369237,0.00662952702434706,-0.019840344070195,-0.00486891833948966,-0.0051766406035649,0.00936649924087103,-0.011588894497121,-0.017614580574913,0.00143144288163426,-0.0033587519851386,-0.00612146447404906,0.00989677536587708,-0.0176259453462854,-0.000642363063992163,-0.0080863428206926,-0.00259184015716174,0.0092492090851079,-0.0111908792744603,-0.0052008678979862,-0.00112516677532795,-0.0017421164465127,-0.00267174014821745,5.78223716757274e-05,0.000386366558919049,-0.00111826301869294,-1.11022302462516e-16
"2-Oxoglutarate",-1.54699604730326,-0.219508992773672,0.159077182392797,-0.0511875889989294,0.0617323728502282,0.395710976363933,-0.119991230036492,-0.0285450614612692,0.191450312708686,-0.0614050724654737,-0.344471657656193,-0.176009970765505,-0.656863981891756,-0.102241951344501,0.353261517703373,0.136692815925321,0.152435606082097,0.146188226705238,0.0827961281287932,-0.000183007963590293,-0.189554687599992,0.108966025081035,-0.0212238313180922,0.183916776817365,0.131255041384655,-0.0108971844964476,0.0156491582848051,0.0167164268107412,-0.0658088994550455,0.0108239757987699,0.00983574227297987,-0.0378641517448527,-0.0146760782846942,0.019816990381619,0.019528974829729,0.0107880779296906,-0.0126826986473467,0.00452663585040987,0.00187543415625936,0.0104812156476914,0.00119337390534919,0.000540877625847718,-0.00114980512060792,-0.00401328822028575,-0.000267539659735602,0.00257956931711308,0.000932752593002198,-0.00154133372823365,-0.000695349616434972,0.000129628105834549,-0.0014386262034311,-0.0010290454684698,-0.000691692250173124,-0.000922550086389421,-0.000171606029369938,0.000275338767188868,0.000273980964794168,0.000171608499746387,-0.000113309220964003,0.00010088545299029,0.000179907368435518,-2.9224064922645e-05,-2.08166817117217e-16
"3-Aminoisobutyrate",-1.82598703179154,-0.130411265244807,0.187757812818662,0.232235699955353,0.0564577224412147,-0.124254945575819,-0.00333888158943644,-0.106670508329923,0.093555853455386,-0.0640124132109526,0.102081284833368,0.000175299288701337,-0.166301859284014,0.221469399981047,0.0197347651494408,0.0698559279545573,-0.330775678018134,0.135832773363808,-0.16966655132722,0.194352368232494,-0.0702959853592191,-0.277738956656614,0.0691095992968946,-0.0769546125294214,0.176569678917707,-0.0167161753480032,0.0049675655755133,0.0979400611990382,0.0140149723606137,-0.0282913219034225,0.0625704667298961,0.0309874877789929,0.0644824116629584,0.0292363930331445,0.0110049292654912,0.00700761770728132,-0.0190674342850253,0.00603957590224544,0.0120897223277698,-0.00583174912208931,-0.00744309091857424,-0.00109340283047744,-0.000723532999127994,0.00296281273809752,0.000383799325507686,0.00621740540461212,0.004275809434394,-0.000753414106145787,0.00049246198405401,-0.00288242372528541,0.00336301418447876,-0.00146014488929576,0.000503794868026627,-0.000198014135851729,-0.000117970490628177,-0.000625446531056409,0.000100270083762399,-0.000175580590458996,-3.81849049164301e-06,-0.000112183841677081,-1.93698189501837e-05,-2.61776612218989e-06,-2.15105711021124e-16
"3-Hydroxybutyrate",-2.1176818556126,-0.094728899291609,0.133710374688235,0.214112748301955,0.0425353053859846,0.135998019924926,0.0667521435055834,0.0250023922355732,0.0748122407209141,-0.011528251868799,-0.0158641928839905,-0.0140332124776295,-0.0492139841365001,-0.0224065802760721,0.00768462792450295,-0.0401344064677993,-0.0279095709225962,-0.0321413071233926,-0.0295598150545577,0.0159581168094731,0.0121163990423508,-0.0265081819770154,-0.0143234637026211,-0.00311364426187975,-0.0122787987918263,0.0172766097755528,0.00325541975876942,-0.00849894521307076,0.0275838599023213,0.00320928667158987,-0.0284543897117167,-0.0114238657551363,-0.0204568249476513,0.000484234221658892,0.01581973342853,0.00640835537575267,-0.00909458813799943,-0.00631126924349689,0.0141042478565235,-0.0212177199510964,0.00664847016706294,-0.00124119071185939,0.00681127897654974,-0.00149847941991336,-0.0168171730728279,0.00340500946962301,-0.00112547323879638,-0.0120862013068201,5.98290140903018e-05,0.0101159758254929,-0.00645448093291036,0.00384887746049753,0.00902343978353748,-0.00679324570217425,-0.00992821930579616,0.00477168370200123,-0.00161397316477343,-0.00717830178335941,0.0034033910689685,0.00106606940288754,-0.000297879794127136,4.69338127960899e-05,4.16333634234434e-17
"3-Hydroxyisovalerate",-2.10964506256626,-0.0685494246011264,0.131604917362145,0.211977909995585,0.0108055672075188,0.130799900461799,0.0569996655664129,0.0236274116779805,0.0705603897222962,-0.0124859884745574,0.0045224646055476,0.00359083706399501,-0.0119770576628369,-0.0313325231406071,-0.0395753810290339,-0.0218391145687554,-0.0338124408433735,-0.0387449952257575,0.00116490951143403,-0.000747424405410833,-0.00733379054580629,0.0158739505102483,-0.0247524474428724,0.00908762714119227,0.00257031021355463,-0.00582217883622062,-0.00830380211327914,-0.0372296057063549,0.0264286978777541,0.00714151644431254,-0.0289073087910236,0.00203067771523472,0.00685711841881671,0.00346123950681971,0.0187988967693087,0.0213421295123877,-0.000671592683671427,0.00971248023660979,0.00731260051182167,-0.016235393725263,0.0214065318662753,-0.00717199881873061,-0.00256762271539353,-0.00315033746007358,-0.0108813352016038,-0.00145156422340136,-0.0165876473602577,-0.0129312116003239,0.00288539840239847,0.00497470875013459,0.0103099541611793,-0.0228038698462835,-0.000150761994572616,0.00464106274527572,0.00714755704288633,0.00115229501484204,-0.00512288664505058,0.00243112323782373,0.00385467029185008,0.000723374162389158,4.51203924299315e-05,5.16318287334568e-05,-6.93889390390723e-17
"3-Indoxylsulfate",-0.673190331261587,-0.0320478035092988,0.124280771861389,0.358940546555678,0.29302235318015,0.184611576563621,0.152029710581841,-0.0581086074939055,0.0272050825612483,0.0639400398541396,0.323624506762759,-0.125570545811613,0.206337487369566,-0.313681912238125,-0.187256644024704,0.316979497010737,-0.0707535290710444,0.435141019837913,0.140786472868301,-0.123845858963233,0.115802805782172,-0.0460560256523838,-0.0664555149694874,0.114283783111751,-0.0714055580750909,0.018799283201185,-0.00680805442584397,0.111589362687141,-0.00623634324216216,-0.0264719110231925,-0.0311366770316188,0.0111150093739388,0.000195995443068755,-0.00365813572874415,0.00481291137434516,-0.0179282949632502,0.00357709727630708,-0.00169738096942269,0.0113327863196237,-0.00813183503784021,-0.0110401217754311,-0.00612492710870292,-0.00053528656603615,0.00582946824415565,-0.00173718465868717,0.00190419394105402,-0.00161848237572366,0.00116294852873623,-0.00434677161809505,0.0019285530971631,-0.000868980731141903,-0.000781729276562974,0.000104301074441496,0.000841362158906424,-0.000541343471945923,-0.000289123638897659,-0.000243924355412699,0.000124671554196515,0.000192031384315991,0.000290914341077948,8.02274141030457e-07,-3.09901747630719e-05,-1.97758476261356e-16
"4-Hydroxyphenylacetate",-1.5156700435366,-0.109420678614325,0.0423670190558943,0.265855417242269,0.193206641221026,0.115041011581164,0.0360435935827334,-0.00217268677519472,0.087082646495476,-0.0256254208930404,0.0409615646960826,-0.0188586736504207,0.157201942459279,-0.167606670514504,0.0336936050512425,-0.0619723593988922,-0.079222257553268,0.0898718483007293,0.0412512646016036,-0.126939496862647,-0.139659315209398,0.062173010209948,0.0659302196277487,-0.0866875922825444,-0.0720877226491934,-0.0858994928115912,-0.0112110377252027,-0.0221840776588611,0.079046560436456,-0.00870322286359368,0.134763906455321,-0.00246502958413341,-0.0782347198806899,0.0343337739274676,-0.00373948871205294,0.0898878927585197,-0.0459849663804548,-0.00732039132431642,-0.00692796932259425,0.00815108059306946,-0.0013285546880394,-0.0193467569844861,-0.0142535197218567,0.00983002178339711,0.0117080084511985,0.00149604279285833,-0.0086350810278344,0.00911951226043411,0.00492066528712914,-0.00754949265838832,-0.000109496097144491,0.00251372106714978,0.00064849250954443,-0.00131631428925081,-0.000476863282741337,0.000507344005598487,-0.000205962880969232,0.000137487225563337,0.000476007182784545,0.000489208958540066,-1.18582503050788e-05,6.23414217729053e-05,-6.24500451351651e-17
"Acetate",-1.73642678347698,-0.123807103742599,-0.0906729435981659,0.21242214659002,0.037612839065367,0.156089862941646,0.173633569351636,0.0109296726252599,-0.152411983400664,-0.0233198758406711,0.197680214321341,-0.00480696429624742,0.0700560107494595,-0.181548922101644,-0.129758517650932,0.150497952373233,0.135859287147774,-0.030457508440945,0.033553661445144,0.130257842391021,-0.0233219963531601,0.0258585917391097,0.112150557360102,-0.0669301701450231,0.0561016000887693,-0.0792226222095276,-0.154497182985713,-0.026512968598269,-0.0556693862339313,0.0385439531007924,0.00622065935629575,-0.0288326387427275,0.0172550761352007,0.0707694029771232,-0.0723091975829458,-0.0144744826848767,0.0217987289803501,-0.0406998887500289,0.000894932669707568,0.0183121641772245,0.0383476154961129,0.0295730329427795,-0.0116594528141634,0.0180730322770173,-0.00744299044570764,0.0134302485625946,-0.00573212557172437,-0.0112414294399664,-0.00168583406028492,-0.0059902614610421,0.00295538607164683,0.00102246960204795,-1.70222076014814e-06,-0.0016823972647981,-0.000315403412560537,0.00113158433391103,-0.00118777458153786,-0.000602308805713197,-0.000552965511460016,-0.000340041028275562,0.000230094450153252,-0.000115092640425189,-7.63278329429795e-17
"Acetone",-2.16748701829371,-0.0745244878851351,0.146444028411554,0.226476715493055,0.0353239948315049,0.132891310793705,0.0248540122083408,-0.0242235008342811,0.0707614132231769,-0.0108777575894551,-0.0207265614978094,-0.0252211963473229,-0.0428143007380762,-0.024406781227894,-0.0329719356561151,-0.0104545235653231,-0.0228959300294168,-0.0420692657420327,-0.00256658290542958,0.013279657726621,-0.0118942960575426,-0.0151587291427695,-0.00442212041101659,-0.0207906612977322,-0.0421251502594869,0.0242469578507813,-0.000676082386017084,-0.00665695567010265,0.0334549079874164,0.0124675941731305,-0.01117454868271,0.0133324085095775,-0.000969428138456498,0.00756214330490887,0.0333533799700992,0.0208255956701349,-0.00276456566970983,-0.00146664140809656,0.00773739770409778,-0.00615520751119483,-0.00627887839296338,-0.00590818202530433,0.00978603310783231,0.00249094932136466,-0.00709204697969603,-0.00145936159150083,0.0170972402133283,-0.00555108989163756,-0.0237069588529204,-0.00296463710057899,-0.0119236009245042,0.00672900380413692,-0.00495803670663394,0.000452675360279813,0.00407870749114465,0.00638990162051196,-0.00545689390200313,0.00204050494977582,-0.000704133631874729,-0.00342656189076094,0.000393813165230406,-0.000746053623936364,6.93889390390723e-17
"Adipate",-2.12268892480602,-0.0545730282710528,0.110269642635676,0.212152341125135,0.0186669940040535,0.141832316985724,0.0367688747411377,0.00499635765155565,0.125676646621464,-0.0269657054166972,-0.0152219865065549,0.0207834815083325,-0.00379259019612799,-0.0451739930847434,0.0235370482061704,-0.0294842388371208,-0.0382937441283979,-0.0337993970220824,-0.0242084527879416,0.00222539665984094,0.0104799749615563,-0.0277376752640944,-0.00308208144876335,0.0174728510318023,-0.0135719428586418,-0.0107510100150428,-0.00550206665021194,-0.00973440597657668,0.0138705093680484,-0.0427343794221109,-0.0043948618980831,-0.00666635789336245,0.0039290683991133,-0.0357573747235998,0.00240329234599294,0.0112658789850151,0.0341909603471866,-0.0338090196556029,0.0388422802676806,0.042409560101999,0.0529225448831366,-0.028672782434087,0.00474460054886163,-0.00864474307013685,0.0483387567859601,-0.00573036146060404,0.022382217393194,0.00235805340582528,-0.0169583871052136,0.00460755837190026,0.000718603319756216,-0.00723256474694817,-0.00183924636906031,0.00370737067474792,-0.00552581676326818,-0.000459890399879814,0.00122862636268019,-0.000628069382712773,-0.000214376710429023,0.000352251681144767,-0.000207252204008752,6.26609491283271e-05,-1.38777878078145e-16
"Alanine",-0.523632538129713,-0.254861217214737,-0.250054879719502,-0.227153513831772,-0.198854234479093,-0.0367683924015112,0.382342860894481,-0.057552932384293,-0.393282942970399,0.0957043483670065,-0.24457899605463,0.258307023606654,0.196529844208894,0.20803909928757,0.083396486375474,0.0306485480879093,0.14819682194844,0.0417249994266647,-0.0524072431611481,-0.226471681512445,0.0592865630303269,0.119956404825434,-0.0881233964083868,0.0436368787511306,0.192590224249373,-0.0836072584548483,-0.100847478457673,0.0306249587681347,0.125482996863112,-0.0658147690273593,-0.00352742172914071,0.0701434398456826,0.0361380514005262,0.0269491833022638,0.0200795784564001,-0.00609135255690361,-0.00821424848613604,-0.00525442452552531,-0.0106779230953946,-0.0209967176458762,0.0154789530484534,0.0150758891572352,0.00420295489455678,-0.008291812479533,-0.000729270473835138,-0.00182027110095852,0.0139581752740424,0.00452989061377313,0.00150632730549336,-0.000339304045507693,0.00554277938742939,0.0021075599855587,0.00105484686396393,-0.000125841584536962,-0.000527419244499906,0.000126461705084305,-0.000516953034983607,-0.000308739103376251,-0.00022536696720904,-0.000301490581865928,8.40560655366099e-06,-3.37447751498181e-05,2.08166817117217e-16
"Asparagine",-1.83304734503697,-0.122418269942123,0.162594842179308,0.173032556066617,-0.0190931785942267,0.0720472472900044,0.0590657690081542,0.0143395775137948,0.0966429422944978,-0.0326411275483965,-0.0503840666473186,0.0510904094111548,0.0135109668697916,0.0317297478749883,-0.0312971544326456,-0.0298575048836759,0.013193133051062,-0.00136674962968526,-0.0274591911651719,0.00882652207748276,0.0108250110691965,-0.00270686145490794,-0.0118714012852389,-0.0128956849232717,0.0224912664183214,0.0219470182025094,-0.0086871695008784,-0.00971212478015863,0.0147003470638233,0.0105444996395677,0.00748094062778447,0.0417728250336616,-0.0214517418361088,0.0244246521176795,0.00452159405948967,0.0418527277063412,0.0210278391303674,-0.0504796176051122,-0.0377869169358786,0.0374525306993004,-0.0375025432621521,0.00573921403863353,0.0283904398985109,0.0112877139525936,-0.032688357655358,0.0136791486598107,0.00616594143955804,0.000814306738691588,-0.015573907174048,0.0201080386731316,-0.00590818662499202,-0.0049139473849196,-0.00217710804221133,0.00638271309577976,0.00193257373464764,-0.00276075887547297,0.00301717772167525,-0.000297009182058872,-0.00022612107454914,0.00133081843902622,-0.000125597485488481,5.34592102973477e-05,-1.04083408558608e-16
"Betaine",-1.6256368339807,-0.140705823139225,0.0396093410833298,0.0229541761047366,-0.0258477146752325,0.181837291441786,0.0334595389585504,-0.00450187875020952,-0.0989339601981809,-0.00757557699002261,-0.188557636195874,-0.0613575712579309,0.0947590221014633,0.109013787318973,-0.101688663889958,0.0617668682106278,0.00760007466845708,-0.0864968152478551,-0.0460648330612767,-0.0263746299460088,0.00988043100271776,0.0218759760833565,0.0954303002117163,0.0234682261668278,0.11044044867491,0.0844658769975296,0.0476738787367232,-0.0252587022143253,-0.109659967570586,0.0196224395362946,-0.0983038449060086,0.144968769881974,-0.0630228869260379,0.0134116512124197,-0.0361495973694083,-0.00155301642239419,-0.0404703842082401,-0.0190074871311337,0.0113839154846735,-0.0118133754585067,-0.0145184862632305,-0.0364756930166593,-0.0122248389335428,0.0230621061661225,0.0131013798070606,0.00406032432941177,-0.00141618683487266,0.00765238763614964,0.000641753665797441,-0.00139798549697603,0.00449124571388204,0.00279894251112982,-0.00104670262179872,-0.000166860737517253,-0.00242465938522627,0.000662255482921537,-0.00170285966939146,0.00111180681075003,5.25219188207901e-05,0.000945956109224788,0.000170522419216029,-2.92938922686684e-05,-1.80411241501588e-16
"Carnitine",-1.84804666915837,-0.158692766982245,0.176256980570239,0.12521501087306,-0.0581922489699598,0.0170444364454055,0.0431501904920074,-0.114562931647486,0.0475301381400815,0.0471188261845311,-0.0559808428942127,-0.0216691536154707,0.0700743930892932,0.0615699733938301,-0.0473356879238027,0.0419742310832855,0.140478790695656,0.0960424607563863,0.0196837565989249,0.108441937469909,0.0480675806063756,0.063601672528626,-0.0305769397723952,-0.069218827182414,0.088429613154653,0.0289429539345367,0.0862871870579092,-0.0090753052252702,0.033686899523027,0.0443028251831691,0.144250301439652,0.0665205180257125,-0.0724087144964593,-0.107093529951476,-0.00724439300611491,-0.0582904388716996,-0.0071255867656001,0.0044237808707506,0.015586804278748,0.0111184291902775,0.0167126188128917,0.00947504133332886,-0.00451090425755229,-0.00534574339097518,-0.00657735575979439,0.0141047603066535,-0.0135009270012899,-0.00609165018038403,-0.0018080064767169,0.00774947329935941,0.00125418840553078,-0.000823547470380576,0.0016227485967246,0.00187300457640465,0.000560879213875041,0.000146812191594362,-0.000707302040944401,-0.000410171194204292,-0.000744337414434519,-0.00145886691078776,-0.000221899003920022,3.88228565863999e-05,-1.11022302462516e-16
"Citrate",12.4299843208821,-2.0044536247897,3.56536497678257,-7.11982163521189,0.928565029394807,0.703077032184809,-0.341085018458197,0.0868200113362257,-0.142226638919458,-0.101211807997104,0.129292287919504,0.0348162852813228,0.0105406327262278,-0.00465714259920422,-0.00930623629209133,-0.00861956636582144,-0.00412460078722773,-0.0225759396107795,-0.0051706494072486,0.0208398712951721,0.0118366057298753,-0.01002125616584,-0.0166487009422659,0.00981849053892601,-0.00202989952111381,0.00169342743344394,0.00482185643333261,0.00160305127662193,0.0115598337653108,-0.000391657971683078,0.00256396682302637,0.00088993567411395,-0.0022470210110337,0.00141159527705184,-0.00220208374306377,0.00120034100360973,0.000207325091744245,-0.00118597163997623,-0.000542322433212603,1.35974238062511e-05,0.000652158345181703,0.000114225231558521,0.000847958743863047,8.69634337789804e-05,5.86744464689537e-05,-0.000578639489306712,2.94531708799756e-05,-3.24540857722655e-05,0.000360601016297145,-0.000268244539398249,0.000392501283503115,0.000233516764971825,-3.72883366930483e-05,4.24356475293569e-05,0.000130302278878704,-1.20248186353811e-05,-8.80416726525834e-06,-1.65853333443239e-05,3.60879178459839e-06,-4.99542662023879e-05,-1.18164455406161e-05,1.21988572621412e-05,-2.77555756156289e-17
"Creatine",-1.18114971603293,0.785013440298322,0.135489798720231,0.203953585935322,0.192789389221093,-0.0605408753081462,-1.32245821009014,-1.78401379599882,-0.157960034189723,1.25625077844135,-0.11304277868249,-0.0991689008676407,0.0724243035717981,0.0340370470323902,0.0138135541976994,0.0237098098057298,-0.00350386015842292,-0.0164289675644867,-0.0268278537088279,-0.000940740439751373,0.0433214558951466,-0.0148006937040974,0.00251699635060776,0.00900473647870051,-0.0123018692329806,-0.0146657797391535,-0.0186057896631188,-0.027900226154068,-0.00954788925601425,0.00311944785011153,0.000538730952989598,-0.0167432062051962,0.00159349279062437,0.00591637843818807,0.000599264273389528,0.00347017658451115,0.00195014208693527,0.000774558317965583,-0.00511540302242332,0.000698143422030537,0.000779731576698785,-0.0018299681969734,-0.000300278960877658,-0.00196235156680503,-0.000752148072648779,-0.0007589770125749,0.00121433261117358,-0.000294271002626516,0.000877266379649039,-0.00041139681618392,-0.000681970919689693,-0.000248130413893093,6.43567935243797e-07,-0.000165549653247658,0.000137413535279334,-0.000153552825074857,5.48758952340217e-05,-0.000118772543771448,9.68722174151532e-06,0.000134620703361205,-2.52388558103014e-05,-8.56886057592349e-07,6.93889390390723e-17
"Creatinine",54.6527823312714,-2.59713151393039,-0.477841647567822,2.2735314728046,-0.178184056257116,0.268504087098133,0.122411663985922,-0.0845310434107898,0.105423377421165,0.0473972142966904,-0.0438552509071234,-0.0106173203271629,-0.000435638477409017,-0.013820920419603,-0.00832693789318861,-0.00166138141855043,-0.00901656193150145,-0.00434579849229549,-0.0160497866631145,0.00834301064278009,-0.0128626978788278,0.000864626292054638,-9.591342165928e-05,-0.00745310586697218,0.00063678298620895,-0.00108027077386952,-4.85451647641577e-05,-0.00804820591552124,0.00112814940641626,0.00364913072227013,-0.00198934692708655,0.00289425097805784,0.000143713608665719,-0.00106440866747612,0.00190413329877437,-8.09451095391545e-05,0.00284982756055258,0.000727394034616524,0.000992940834810038,-0.000439412827141883,0.00069593263659351,-9.50328106547049e-06,0.000313523463747176,-5.92036163819532e-05,-0.000126319642199113,0.000515981360810103,0.000147938890187493,-0.000162094274912095,-0.000169252995370336,4.57670899363105e-05,-0.00017345846198305,-2.60182994271663e-06,8.83806201615323e-06,-3.90301522626979e-05,1.76281986387083e-05,9.7852567861878e-06,9.54346948289775e-06,9.24450278938505e-06,2.11395595604014e-05,7.9509714453474e-06,-6.19965909143261e-06,3.35344653373815e-06,4.44089209850063e-16
"Dimethylamine",0.0507082037818866,-0.140934290018398,0.0806754870229443,0.365002161406147,0.508432695042346,-0.19272043202617,0.108428543140793,0.0801687255188052,0.0894419873784421,0.0368815463307867,-0.0426367516172358,-0.184173709921891,-0.160765188967713,-0.0562295849702301,0.0233764771358086,-0.284200393416143,-0.0457127506807281,-0.158873962164359,0.35174959262315,-0.0336531896324175,0.339595259008941,-0.0735431622996177,0.0750561754940744,0.0292565039346234,0.0751171524130181,-0.117743375698552,0.0192787704531032,0.113716562285314,-0.0390662172592521,0.0366297382956132,0.029853149323176,0.0059475037361504,0.00682667186162411,0.00652677241263731,0.0100845525216193,0.00654658504343761,-0.0175903805076142,-0.00480593733746452,-0.00511651475621657,-0.00369601159042359,0.000593758724345021,0.00492820361748074,0.00531062086787655,0.0030894253435005,0.00307575766025934,-0.000729649049566382,0.00200067037154491,0.0018812762029127,0.00107196070769475,-0.000432184254694392,0.00168990330360311,-0.000609621139597974,0.000693100845202962,0.0002257338368663,-0.000121633271555845,0.0001654035632957,-2.55723235380275e-05,7.82450124060098e-05,-0.000171354843024587,-6.75770691788173e-05,1.51714070804234e-05,-1.05172551629936e-05,-5.160802341031e-17
"Ethanolamine",-0.477854055674682,-0.31539445202672,0.211588782433368,-0.0178247638247493,-0.145806188489716,0.0836697895448494,-0.0811109519191736,0.0100520684125694,-0.0393553676503879,0.0883171147787356,0.0538506009897649,0.2091612866861,-0.102119278132971,0.309230367940315,-0.0133600027994941,-0.200089980883476,0.105381369159477,0.173859612822518,-0.0356512602043717,-0.204199769450525,-0.0353697377871907,0.0547354135748185,0.369698481886764,-0.000316241514904633,-0.0870028919236045,0.153980893203518,0.00669193493887192,0.0989751322119259,-0.00927541737958051,0.0103250844263281,0.00241387892028825,-0.0193718807118553,0.0318681779403781,-0.00959364286933993,-0.00536656756918453,-0.00828289084361742,0.00374219860864997,-0.00689922324735249,0.0047786974459806,0.00104384891851124,0.00950949577459374,0.0142433254825723,0.0101260849344138,-0.000305908822326294,0.00340774612582434,0.00397256219156365,-0.00970927415549062,-0.00592257508875397,-0.0028248564775186,-0.00316464740660094,-0.00274738399505747,-0.00185487912969418,-0.000129798831129013,-0.00105965078884454,0.000890530925731615,-0.000177920991616939,0.000232172333553552,-4.82448831493482e-05,0.000412119275229585,-8.59692947987817e-05,-2.90262562208533e-05,1.47969843899524e-05,-1.04083408558608e-16
"Formate",-1.22042359849913,-0.170767324502843,0.172904179561567,0.0817065579879574,-0.0109726193694432,0.0189103629668045,0.0351548970449657,0.0255132207612113,0.049366433295729,-0.050984826560061,0.288863170706894,0.103946134204221,0.172384713600003,0.0810272782131454,-0.100538666345629,0.166203456569354,0.0973961427811622,-0.0551806765346245,0.152272120610334,0.130851258278756,-0.0407071665402412,0.0967209380444199,0.152085448948214,-0.0830828743221961,0.0618255666351101,0.00799035365044084,-0.141568399920467,-0.0418766352664684,-0.0760617968473774,0.00700905188518616,-0.0041296477411704,-0.0269957320784693,0.013697070888092,-0.056919355935086,0.0862100901328708,0.0320917635269456,-0.0152958619571455,0.0411649510677694,-0.0075887516432071,-0.0216967404541026,-0.0187562837145841,-0.00258256318257373,-0.0115672403803482,-0.0180855550931607,0.00575896439335766,0.00414236638303009,0.013428011275406,0.00878043083220353,-0.00453134941015038,0.00606446596638704,-0.00133058286953961,-0.00230567547491572,0.00123896070229931,0.000353975313703785,-0.0018849145913004,0.000132066996086672,0.00148921759459322,0.000260599361847372,-0.000405006688598372,0.000936520885756572,-4.58839527016398e-05,-3.64385299515511e-05,-7.63278329429795e-17
"Fucose",-1.682116357699,-0.106251449308395,0.152560618999171,0.27847746742779,0.0201206005025966,0.124207103821231,0.0688785477545093,0.0047250011887097,0.116556765288648,-0.0582138274072662,-0.014294247800702,-0.00908469952708765,-0.0726924206329454,-0.0513154406815472,-0.0316891365798599,0.0291013853529518,-0.0430109073353804,0.052432144803639,-0.0453308844430361,0.0399185333949741,-0.0141329397274373,-0.0386660323675294,0.0405387675646075,-0.0406044359095373,-0.0108155773022201,0.0297282551390751,-0.0202235926294483,0.0411184342782478,-0.0450371933390969,-0.0292491746514419,-0.0175315112598806,-0.0415995279179529,-0.0780708477136067,-0.0477522159126082,-0.0655296660861944,0.0181188808333911,-0.00728740279899732,-0.0044576187035465,-0.0417150420388594,-0.0294336194439328,0.0336068228753911,-0.0033705363995021,0.0353925664951399,-0.0123851523698383,-0.0120016994710421,-0.0246849883479416,0.0305920446712765,0.00637417184971737,0.0138108209263496,0.00370947825884834,0.00838862932718822,0.00288487539123352,0.00528528708509977,0.00181559355623203,0.00498041885190475,-0.000196530032259182,-0.000563320794607899,-0.000318561748884894,-0.000527172571945164,-0.000596212743499427,0.00013132052600779,-3.20935116476153e-05,-1.2490009027033e-16
"Fumarate",-2.21193247382981,-0.0833950309470024,0.138060959733708,0.216281472074084,0.0270574490820579,0.136529503282056,0.0517258782670584,0.0204791594510006,0.100813516815333,-0.0291644218128001,-0.0297814446552141,-0.0269864767227549,-0.0608420136396708,-0.0297794233622642,-0.0192638072403618,-0.0125608333662397,-0.0188302231645126,-0.0196091549831085,-0.0159045841480115,0.00269324932413488,-0.00754979668507248,-0.00714289245871023,-0.0061915516855213,0.0166772041815556,-0.0156175795757584,-0.00029096318055731,-0.00455613832309311,-0.0108646507522787,0.026216660221989,0.0134227718397363,-0.0183504328739093,0.00549895921888339,-0.00411765223906006,-0.0127648499426615,0.00761027705324006,0.00364720877333702,0.0122157602627243,0.00581826063077693,0.0040182433377694,-0.00413015924597756,0.00396913613795849,0.0101099775258536,-0.000330415326389289,0.00899424883482065,-0.00655948005606438,0.0032218524906375,0.00892713653682321,-0.00692518092106727,0.00333716648575092,-0.00727305943033561,-0.00361322482877119,0.00238408851589127,0.000697781598749767,-0.00183583232124266,-0.000281259937109091,-9.78298397977528e-05,-0.00195542658769268,0.00243805246080143,-0.00167818923593031,0.00143430874469748,-0.00481668220750094,0.000285238258310259,-6.93889390390723e-17
"Glucose",0.754790935331478,-1.33537929970648,-9.29084982577754,-2.9375111743797,0.171704085929292,-0.108304659798022,-0.195511842101372,0.0856053707256718,0.359134623463349,0.0274982194134648,-0.000259755906119594,-0.00477215612998857,-0.00224032456812016,-0.00896920934557347,-0.026000890916706,0.000408435518928896,-0.00340261471954231,0.00312941865487164,-0.0026492369686362,0.00493213624263798,-0.000171365992984512,-0.00654043815750683,0.000134862014932511,-0.00321386422340344,-0.00719920485819512,0.00405891296534373,0.0015117250962513,0.000984375790889155,0.00172288143570813,0.00164689297422992,-0.00054041329299493,0.000580863545655848,0.00085969641606775,-0.00176921203237404,-0.000242023403837558,-0.000818544737809065,0.000625713966422965,0.000379871321750391,-0.000429854172907654,-0.000766386772279602,-0.000702421775713197,0.000515982011499428,2.16747508260846e-05,-0.000211833086452361,1.84373148576656e-05,2.91809570505258e-06,7.6187413816025e-05,-0.000181988525999932,-5.24065929104027e-05,0.000128421090489196,-3.87380785730133e-05,-0.000123009245051035,-1.50283879283872e-05,3.23519232649158e-05,3.8595504559159e-05,3.80811898638422e-06,1.08993817436037e-05,-1.92362810842034e-05,1.042510924254e-06,-6.73545049607351e-06,4.47948830008781e-06,-2.7211586183136e-07,-2.35922392732846e-16
"Glutamine",-0.323944855738921,-0.349978721592654,0.207610298024994,-0.285826752622132,-0.162665317081466,-0.379189295067355,0.0850495941503313,0.129386989063915,-0.13986928426058,0.00984548084447934,-0.345240938918999,0.286042594837166,0.0964418188746308,0.244399742642139,0.186987398044386,0.173008125773702,0.175476666773317,0.0440728436268168,-0.0239023407240691,-0.0460113910262017,-0.0110149743139093,-0.1728710323526,-0.03965818227115,-0.187638800529431,-0.0647030183848922,-0.184311447776366,0.0547333101480907,0.0983419007793252,-0.0351991376282998,0.0719246502848069,-0.0670154018566712,-0.0706980116813038,-0.0589895726096635,0.00257760213453101,0.00872213529356305,-0.00314010883129496,0.0158859534411196,-0.00121855751273392,0.0158809669356381,-0.00835950814771264,-0.00794140803292066,-0.0080857011029001,-0.000477126592504309,0.00284060873035931,0.00384012204226766,0.000621555059687938,-0.00794238477393278,0.00275214923577004,-0.00122375043100467,0.00115065808781713,-0.00432135775962438,-0.00207518518346646,-0.000563574850384789,0.000925599590368541,4.1840678164165e-07,3.12451529915075e-05,0.000353733123906748,0.000666356295441612,0.000102411913476992,1.61432394582932e-05,-8.07430559768146e-05,1.35896750133764e-06,1.38777878078145e-17
"Glycine",3.29742262960349,-0.733853520263045,1.1451895066404,-2.22668114212288,-1.84580467622617,-2.66510783533589,0.774721316507075,-0.19567056768953,0.0702299471767128,0.2896319804588,-0.146535115314413,-0.248947955705214,-0.0421243792583278,-0.217835064507242,-0.0602801539232676,-0.0472706968808836,-0.00873370487941783,0.0385780772770843,-0.00392370559537597,-0.0052539697176605,-0.0486808779648248,0.00774447048677866,0.0409620925469126,-0.00230374308422577,-0.00846786256196772,0.00478349028579469,-0.000885541447876172,-0.0185366770117517,-0.00850766969204989,-0.00937685647315156,-0.0075572019827075,0.00536797947959071,0.0135615908011305,-0.00802894114723733,0.00107164388637964,0.00199191797987025,-0.00137325135377842,0.00272160425049031,0.000185880465813085,0.00180893434494068,0.00117577754729595,-0.00167352699533899,-0.00167632193469299,0.000499144811903248,-0.0020736701449815,0.00119216771039356,0.00221571798555884,-0.00069487114166241,-0.000368834488157157,0.000741645440021752,-0.000212233159561264,6.58388703965822e-05,7.09282618560152e-05,0.000129978191706665,-0.000229069344770149,3.94053408848609e-05,-2.37425939610917e-05,1.49263517620267e-05,3.56200513945211e-05,0.000110568722904431,2.83641626277959e-05,-8.50115558382789e-06,4.12647346847983e-16
"Glycolate",-1.04245813347431,-0.137048673792421,0.199982546209203,0.125595402201457,-0.170073867239468,0.00626238977749468,0.0172134228754039,0.108409670070745,0.142536149492696,-0.180882206760671,-0.263382324324498,0.196368123730483,0.0662799603903509,0.243460476924544,-0.117786374689037,-0.204698185467823,0.162098216555834,0.280118457039946,-0.081074816377125,0.232904574983176,0.191002505002368,-0.0508231373635335,-0.00907427830458625,0.162970918932468,-0.0912355583691753,-0.0842130586234768,-0.0181715231820014,-0.131696159105102,-0.0540193777619147,-0.0897995512548475,0.00896441022627261,-0.0239414448076226,0.000597675758364476,0.00858757533645538,-0.00506417507544287,0.0185354194009859,-0.0201109310503549,0.00198673985265051,-0.00267199671921257,0.00933537736973422,-0.0104601000707535,-0.00446782793840664,-0.00893777669936901,-0.000117028445632346,0.00165224044697573,-0.00118974629719093,-0.00192249101894423,-0.00355765650885906,0.00389921356756382,-0.000704264169396895,-6.98476948353651e-05,0.00158766259387172,-0.00136010881849634,-0.00124533320716198,-3.95600453143973e-05,0.000599389249867299,-0.000822584766073487,0.000317689084666395,-0.000168208965803322,4.90928335741565e-06,7.27588105934908e-05,-2.60151113970156e-05,-6.93889390390723e-17
"Guanidoacetate",-1.52137007493806,-0.0574696713962367,0.17775851012395,0.288029720041933,-0.0304670126951797,0.109584342680127,-0.250837436272018,-0.0827576076429991,0.0338065589692586,0.0530284942195046,0.00261402216963504,0.0836573126735381,0.0166482003456723,0.0947686145912519,-0.312560196988285,-0.319152969975991,0.0731677392818682,0.0687380734640167,0.302316187319706,0.0369652255472932,-0.306072709849394,-0.00690419175525573,-0.186041986185886,-0.121862911434707,0.0497067671037019,0.0299665596314959,0.0235312656824413,0.0467528922507319,-0.0176272175339495,-0.0899783529350494,-0.0341822271510685,-0.0110145117758026,0.0053265598509247,0.0166696699054545,-0.00936390988011435,-0.0249562919147498,0.0155334200509142,-0.00184560966372554,0.00732268039101874,-0.00452105905656475,-0.00733131527010317,-0.00316926165106201,-0.00299901523220273,0.0100638930136823,-3.71649828752665e-06,-0.000283493233137005,0.000387669303579891,0.00121610082928158,-0.000187484412154658,8.00558967918308e-05,0.0021165536503815,0.000599988674441734,0.000712662024002234,0.000514665107097637,-9.45875063440293e-05,-0.000180056946197354,-0.000172913835148288,-0.000288500886305006,-0.000195885595687416,-0.000137714822646802,-1.99894830309223e-05,3.31243158781264e-05,-6.93889390390723e-17
"Hippurate",12.7975454285953,12.7261564164561,-0.428971020862692,-1.02319885626208,0.0114932999894538,-0.00917199625482257,0.091068604703422,0.124181013665927,-0.0112398610504723,-0.0737095619898505,-0.0108655442647855,0.0190591133879688,-0.0255494056093066,0.0066092332513504,-0.0160894504297011,0.00670317156045991,0.00482866430874396,-0.00274193826786794,0.00254076360561906,0.00512673508590145,-0.00576213834628969,0.000145715328927321,0.0054397352014445,0.000564871337936534,-0.00235290839588165,0.00226450352037899,0.000363237289331964,0.00399067555152355,0.00500508329241367,0.00266102961549786,0.00165626729263565,0.000670146199083205,-0.00105366657454165,-4.9636004322744e-05,9.36236751750696e-05,-0.00035780515270778,-0.00080000820212487,-0.000652871876134664,0.000602683254490262,-6.17296101642073e-05,-0.000610924333623641,0.000170544849839402,0.000387718762437469,-0.000140366504575717,0.000416606585513457,-6.94126681162199e-05,-5.24165428683609e-05,5.38947120197752e-05,0.000183394578655807,7.75822289301731e-05,1.45737108875402e-05,-1.23476602937878e-05,2.90284565228477e-05,3.88679357010702e-06,1.64897343074566e-06,-8.78795385617082e-06,1.34503638385963e-05,2.61381843735808e-06,1.80720625189146e-05,-6.08308555577475e-06,-2.5488496036008e-06,3.71669947318853e-07,0
"Histidine",-0.428703151710535,-0.277550913301938,0.204867866495671,-0.168890430492094,-0.555881174230112,-0.267745746991241,-0.00526305509350848,0.115481941762694,0.0329157526969686,0.00168211850287223,-0.181399621726481,0.390567707077909,0.170929807199656,0.350145545649135,-0.0785948352875429,0.144854514316451,-0.439336300737353,-0.12943168004403,0.144936813539244,-0.0737715854455843,-0.0370205733721217,0.103149912641669,-0.0659201189205461,0.17853454053484,-0.00786471699170293,0.01712771469985,-0.00185883594068219,-0.0222478807117687,-0.0663134324177403,0.0188284973467486,0.0433163762003267,-0.0666778612725966,-0.0316530552413819,0.00698609902728275,-0.0227167991134039,-0.00976383539712562,-0.00914718083730169,-0.00747885168706581,0.0150728206253595,0.00348282614997037,0.00764953050917267,0.0165169236690394,-0.00229748687636534,-0.00410696673185685,-0.00600956206326971,0.00286452500958205,-0.0019018061537024,-0.00483620008360685,-0.000719035786134994,0.000856922250363525,-0.00337645269468517,0.000489528480208147,-0.000509875854732836,0.000742765500018415,-3.59878500206887e-05,6.27272804175766e-05,0.000339679037847221,0.000235696776461781,-0.000291127544666897,-0.000141965071422754,4.82806309099922e-05,-4.61929117020112e-05,-4.85722573273506e-17
"Hypoxanthine",-1.88105533842882,-0.135255697322431,0.168054563291452,0.201465767750652,0.0790864318228578,0.189470438114328,0.0688648850174677,0.0470566939581562,0.0948380300860443,0.00228722698568794,-0.0300223565104541,0.0173011032491906,-0.065115854334355,-0.015439476865689,0.000645767890130811,-0.0495306420102039,-0.0390167513110471,0.022701591511629,-0.0126054391560798,-0.0473163451379821,-0.0135040522144345,0.00682269308533482,0.0843664746357583,-0.000844294152047157,-0.0644817244172046,-0.0127377831104049,0.0501189975005564,-0.0344143382347638,0.0417025555540451,0.0627444270970724,0.0126704098953003,-0.027957151193064,0.0176030112530907,0.027951028318234,0.0129118764935816,-0.051088791667904,0.0235854543401752,-0.0283839587607581,0.00848581822169246,0.0175442999277656,-0.0252667650309375,-0.0167358645636437,-0.0558002609796965,-0.0210752001892801,-0.0253540343761219,-0.00980084150715132,0.0258682515966561,0.0162352131074132,0.00260549873600195,0.00511496306638574,0.015166892862441,0.00107823003989132,0.00391186040046201,0.00117733713191955,0.000424663993887542,0.00141006385375829,-0.00141982660721497,-0.000368417891948653,-0.00076212953516467,0.00032974146267876,9.08521266991189e-05,-4.78623863829526e-05,-7.63278329429795e-17
"Isoleucine",-2.19578086450202,-0.0714412330828732,0.141926758222512,0.228252561510681,0.0193693595705599,0.134576780046351,0.0543749895223558,0.0177842089833179,0.0776181776563148,-0.0237613626260174,-0.0275685920069194,-0.0231769231461809,-0.0376601736880074,-0.0264750740423621,-0.0398313587196792,-0.0203381827322309,-0.0220912870272618,-0.0222586253027649,-0.0215420943000804,0.00342580564415991,0.000355374934255824,-0.00900017262378273,-0.00144124245292341,0.0129123155988263,-0.0188754714065891,0.000422087923838244,-0.00334855946623659,-0.0121516339969663,0.0319506133906739,0.0233600174421951,-0.0228047680292264,-0.00255357505604467,-0.00908604328257507,-0.0108297746197164,0.0142363268916035,0.00955282219739117,0.00862376116635224,0.0103329390610546,0.0067615016917835,-0.0124994937407351,0.00121883751829689,0.00801615251901931,0.000611469231620106,0.00307459908205521,-0.00714838793692415,0.00599957098678362,0.00829395145379375,-0.00209615129849598,-0.00376221870671265,-0.00797381229648055,-0.0062981016048853,0.000357826054217802,-0.0035373141370373,0.000786587602741504,-0.00103415501245623,-0.0032688239452571,-0.00546515136977365,-0.00108811601878062,-0.00273950831668382,0.000217632671082144,0.00174474066859133,0.00172160901121314,-6.93889390390723e-17
"Lactate",-1.18659685945362,-0.363361183062835,-1.45653317669362,0.0264990483730769,-0.271039249609487,0.504476711418278,0.829526966901299,-0.12053994326192,-2.13085962806248,0.267066830268983,0.192324435180524,0.0812949822345679,-0.191911035671713,-0.0791515525342495,0.0380793641679439,-0.0606564020078864,-0.0553909688967485,-0.00553652454349445,0.0104250585005223,0.0842328385285037,-0.00454733440290053,-0.00558630427083442,-0.0155515110063702,0.0196783481769691,-0.0383122783545471,0.0153489050863745,0.0394723744588213,-0.0109585561588914,-0.0127649143420664,-0.00329140730652613,0.00805873751279797,-0.0134248598839897,-0.00803696847846852,-0.0111837475691497,0.00318248676691614,0.00722889805957203,-0.000539183247427601,0.00253733796532696,0.000686653037055574,0.0036705717939798,-0.00656883083271621,-0.00497300293112173,-1.89576937511494e-05,-0.000952965278973599,0.00137880865848248,-0.00139891049696873,-0.000705619506741521,0.0012759674288487,0.00100195896808301,0.000710421642537096,-0.00198662817973991,-0.000226596773546247,5.31323964623092e-05,0.000555688998914929,0.000227741054760375,-0.000152958511703022,0.000272514706082701,0.000233661577457932,8.12998955097913e-05,7.25340834346506e-05,-4.24399580162792e-05,2.79835827878237e-05,9.0205620750794e-17
"Leucine",-2.0885341317806,-0.0744633684053282,0.111902146909125,0.213798015851635,0.0186532697079073,0.12453924563629,0.0500750001535919,-0.00949962111239937,0.0498268316203464,-0.0104835021752999,-0.0425642825730306,-0.0214833612171369,-0.0329967218854931,-0.0157407142187674,-0.0419919898280849,-0.00460277668632628,-0.0386781166727507,-0.0212467465480606,-0.016373301894628,-0.00248684897732537,-0.00582044139920011,-0.0118490425209585,-0.00786281640708028,0.0175159591536919,-0.0337577141789855,-0.0016965325743227,0.0100954722198926,-0.0298251355635511,0.0357961925314496,0.00942990180319806,-0.028108241476977,-0.00654481680100415,0.00320069294250048,-0.00117195044570297,0.0175039785612848,0.0139250806794822,0.00839011485862997,0.00527411450001197,-0.0054192945247403,-0.00850103788671921,0.00564256004533646,-0.0107357785454825,0.0195083055938314,0.00258878286977745,-0.0134151119381353,0.000750866682328648,-0.0189088437931867,-0.0106979165399815,-0.0122164204272006,-0.00180785869188822,0.0166013879611658,3.86747083561192e-05,0.0123200132421119,-0.00620258069494356,-0.00775404405702728,0.00365764733201715,0.00531728626078352,0.00475316072739067,-0.0023626825677309,-0.0010583426844232,0.000608881528318252,0.000343735999464818,-2.77555756156289e-17
"Lysine",-1.5622023940145,-0.203442544114662,0.11558660329337,0.231777664135043,-0.0438672910887837,0.047186771141224,0.0620688498821617,-0.077846857158622,0.0850195759945777,-0.0627626987789229,-0.163288473770227,0.0556667572106647,0.176687862341284,-0.0498044305734641,-0.029484597572793,0.274387632104978,0.0836373282537231,-0.15680322619061,0.0942320380784887,0.194111626803781,0.00976330622798245,0.132763787966147,0.127691574949723,0.00446431367897213,-0.03426016918649,0.00163851526825144,0.247882531159853,0.048854822427811,0.0743078140709169,-0.094901998462964,-0.00722929339382721,-0.027847336490099,0.0552395890127213,0.0269525431320735,0.0100428832810099,-0.000744656571724435,-0.00901764205823546,-0.0131203191371145,-0.0286561444738913,0.00270315501518908,0.0046034832941143,0.000313737583799992,0.00863296302553315,0.00325183915030128,0.00246414272832713,-0.00231106085601723,-0.00164664248942973,0.00296612962732579,0.00177388884617266,-0.00530283983294728,0.00025022873195409,0.000216518990498522,-0.00039426974483292,-0.000527266188203059,-0.000196169818449412,-0.000562663973909361,-0.000681644205325072,-0.000524681162324934,0.000375620673957001,0.00018832462689896,-5.84455512938464e-05,1.2570876619284e-05,-4.16333634234434e-17
"Methylamine",-2.13026599256338,-0.0742713343355318,0.154635597728876,0.230677861288994,0.0278686007521793,0.128953246775222,0.0508441944441748,-0.00287385107450092,0.093126335656455,-0.0212386674897554,-0.00427573846535348,-0.030213680332576,-0.0285645562596153,-0.0327610264605163,-0.0314705054125536,-0.0214302635438943,-0.0276952458248252,-0.00391467306256564,-0.0216732654120247,0.0132079716490008,-0.00262164373484744,0.00619800558264541,0.00662827168188609,0.0186169516452697,-0.0203088191799499,-0.00991409191952404,0.00396190360456555,-0.0182387811991047,0.027361585412896,0.00595232556254486,-0.021026520022289,0.019309192310561,-0.00133857441659188,-0.000247280421846006,-0.00384462721855216,-0.0147810472229618,0.00569083188904505,0.0110949040683583,0.00594949273880884,-0.0150739922932427,0.0077404524549398,0.00176324833658373,0.00459989451971727,0.00261849057772925,-0.00489488489292812,0.0127651773226816,-0.000122031997110382,0.0134642016474998,0.0132565584256341,-0.00867577973430445,-0.00257642908599319,-0.00510556300449936,-0.0135780458555247,0.00916274079650334,0.00346216294677663,0.00960199698665609,0.00666694804303816,-0.00229609322725289,-0.000907703721282828,0.000293629331053607,-3.47479725100394e-05,0.000327480658447812,-6.93889390390723e-17
"Methylguanidine",-2.16163415398186,-0.0846047483450106,0.168345065253061,0.217039321541511,0.0249906998170319,0.125818622160621,0.0417845256751508,3.5744275997094e-05,0.0958196125104474,-0.00475536912570422,-0.0338390438029778,-0.0120856165056709,-0.0557327192579229,-0.0232937997083493,-0.0378878059762987,-0.012552111778593,-0.0175503332906159,-0.00424808239538461,-0.0108757510671401,0.0108843893171604,0.00995197934774131,-0.0085965751864904,-0.0167292305672915,0.00488273270419046,-0.0264055670015361,0.012628827704615,0.0141996134106689,-0.0223721899513449,0.00844109496037613,0.0147114451763541,-0.0200069522979798,0.0115194747889263,-0.0163457221783952,-0.0269502213435234,-0.00419997538156196,0.0143534662103775,0.0186437605263987,-0.00097396383060631,-0.000716843677409709,-0.0075992830992034,0.000404051867933186,0.0304434497202072,-0.0108801754509703,0.0127661515445668,-0.00846245982369802,0.0132844135870041,0.0186666486055291,0.0197869056431875,0.0041954646271451,-0.00468435866350717,0.0011890344851601,-0.00357317879359732,-0.0094327902534888,-0.0108687573009546,-0.00609873570499207,-0.00393706807473412,0.00270345655922208,0.00196997432228242,0.00462948731670661,-0.00306807887349477,-8.04720114807311e-05,0.000103968429705878,-8.32667268468867e-17
"N,N-Dimethylglycine",-2.08262684093785,-0.0819724276125671,0.15355787329553,0.189620102635437,0.00278656419158069,0.13248919351918,0.0446087331486124,0.0258753577518998,0.0858571360245206,-0.0256313115877679,-0.0333769059374742,-0.0324467421439655,-0.0347598631530598,-0.00273365561647002,-0.0350676578570839,-0.0124676567791992,-0.0305835572079433,-0.0315466019360071,-0.0230622686029369,0.00267323560234771,0.0136462594335852,0.0150086552792464,-0.00851557769059191,0.0389535340682781,-0.00159888838956599,-0.00657754497260137,0.00934003530978069,-0.0255917931034153,0.0410601962315208,0.00685857801159934,-0.048762745919724,0.0161703094971894,0.0142155265273735,-0.0209811669112352,0.00503111940681836,0.0236685838694219,0.00769937103777987,-0.0022982325000045,0.0210417442403613,-0.012552480913853,0.012067528189127,-0.00216774904684206,-0.0207361900013825,0.0241427055240701,0.00216127057467449,0.000618789357926065,-0.00428701937834598,0.0108714265589948,0.00360311780012564,0.00219442825492504,-0.0109485966380445,-0.00887750489492518,0.0127455474864929,-0.0109320417010937,0.0112706097949448,-0.00272229192160214,0.00274001920792604,-0.00293058914451253,-0.00303762951942237,-0.000918041679405597,0.000202695749730458,-0.000374319417261324,-5.55111512312578e-17
"O-Acetylcarnitine",-2.12829212205704,-0.110965215889728,0.1586975460198,0.180067251378384,0.0026788477440902,0.107344981193231,0.0647070527519894,0.00945632902831151,0.0794106198772697,-0.0192145946614694,-0.0288766561951747,-0.0231072797558637,-0.0193148729701014,0.00554867161194542,-0.00332695263303887,-0.00723934748427901,0.0142849902942216,-0.00794391769702829,-0.00103474226980564,0.0193381600247197,0.0208260531763784,-0.00578527827990728,-0.0321736347478134,-0.0315675200074964,-0.0104988284717749,0.00628807945529537,0.0159104156255614,-0.0178873547323803,0.0398312531786137,0.010718723703955,0.0272051916636835,0.0211343090493565,-0.0286043956358953,-0.0234451424315057,0.00946768798755785,-0.0277590156680152,0.0179994391951558,0.00573609932450138,0.0171875349049115,0.0058297058772085,-0.00749725032309189,0.0206692573114573,0.00688704565130886,0.0085254258866205,0.00201475265661524,-0.00480370292556863,0.0245319062133264,-0.0186234736003862,-0.000414379851026571,-0.0161739469141984,-0.0043945346059661,0.00363354036497247,0.00217423927668279,-0.0060896988305966,0.00419616209664615,0.000503265459211089,0.00212220378425467,0.00279012409492803,0.00173042839781016,0.00458774836090377,0.00160932178376374,-0.000379835578541026,-7.63278329429795e-17
"Pantothenate",-1.9400199533015,-0.026990127183948,0.14813099427528,0.159010535721627,0.0459006029178706,0.167253704361835,0.0513874719370151,-0.0386343624911098,0.0877859051597561,-0.107361829426968,0.052914206900689,-0.00582896045274847,-0.00844988229515243,-0.177344217591219,-0.052166479072679,-0.127136843953698,-0.093761920346954,0.0204536626339351,-0.199236925099563,-0.0435921705240758,0.0378500600514975,0.191417282196549,-0.0301273096161243,-0.0693332382586002,-0.00957351113246351,-0.0644297527431841,0.0190150508213614,-0.010313139303199,-0.0495259237617615,0.0129932252228263,0.0173209561481753,-0.0634566320524485,-0.0148093627994823,0.0556406543066843,0.00635202722523,-0.0810470424590459,-0.0337038543508284,0.0248915754553032,-0.0278024392175242,-0.0195699167474347,-0.021655342723084,-0.0110232551915698,0.0193542868905379,0.00919392904156465,0.0243863328174706,0.0229919547476212,0.0137983697756935,-0.00396361929302692,-0.0098162056429658,-6.80426970031747e-05,0.000868748208301244,-0.00753915919431439,0.00236108104372318,-0.00125764806684654,0.000168264802036352,-0.00150813849705675,0.00024177521412648,-0.000891579162960218,-0.000138993593310648,-0.000526297271880119,-0.000280604404279381,-5.49658296572705e-05,-2.77555756156289e-17
"Pyroglutamate",-0.922600183497633,-0.13323043935218,0.0897990367472137,0.26467627976854,0.0577470236637747,-0.115010503231563,0.189655330497813,-0.0625108029651655,0.124800769176922,-0.00806865329938661,0.05446709544988,0.0116514767823869,0.0656574138880879,-0.105762105565497,0.11964975132418,-0.0364307297799221,0.0394090937528998,-0.113797270523265,-0.056705940354186,0.0285369314275196,0.0831780460612903,-0.122479680920199,-0.00739724920672979,0.0386348498115277,0.120852893286363,0.172763384307331,-0.0758411816927784,0.0429400366834288,0.10589931198077,-0.062805029171199,-0.0441521650187404,-0.131473259753755,-0.0906369781405952,-0.0106160829196191,0.00369169884700981,-0.0178954820557794,-0.0216531534850714,-0.00455026861977349,-0.0110496389486635,0.0149386413690317,-0.023410089725188,0.0143586335825431,-0.0236663213314609,0.0115286273341878,0.0096523491896375,-0.00537315236508844,-0.0138195355442158,0.000237586104208376,-0.00184218048241752,-0.00136102635401412,0.0021692039379495,-0.00183668385252844,-0.00364674908388355,0.00123992498496275,-0.00128405233484826,0.000188847542072247,-0.000238568410212754,0.000203280008772452,-0.000766675777822239,2.22383573762171e-05,7.65975258015562e-05,-0.000167146159469337,-1.04083408558608e-17
"Pyruvate",-2.13572446933728,-0.0779516885599712,0.151396370147934,0.231522484178056,0.0135223935798207,0.143706941834518,0.0275467957807084,0.00369327681164122,0.102238611829771,-0.0241954852942992,-0.0425692258200967,-0.0192020504286196,-0.0703034889099155,-0.0170522071416635,-0.00976382030029762,-0.00436961621997515,-0.012438168995404,-0.015699613016564,-0.012301577094304,0.0035489559297493,0.00910269685976597,0.00216429592386869,-0.00341882920641105,0.0254681149722174,-0.0125137788511412,-0.00568436033738551,0.00918626227088102,-0.0283385005964301,0.0237962559499682,0.0218457151122278,-0.0446115605058013,-0.00489940584600671,0.0129598241224218,-0.0165658416650681,0.000746121757190854,0.0227814723175474,0.00839898932689233,0.00851410735712257,0.000632100466198683,-0.0137369656047894,-0.0031836283859003,0.0101759228064825,-0.0203612811442069,0.00767109478783175,0.0147719962166707,0.0149467369939976,-0.000229834630738737,-0.0127446152576407,-0.00563416627546262,-0.0061231314378588,0.0038330197915285,0.0138441756740286,0.0113727176756935,0.0192211042951502,0.00443496521360564,-0.00305433907458846,0.00272886177835902,-0.000842890260119297,0.0028812697206109,-0.00132712421968252,-0.000136024459787439,0.000124657896504423,0
"Quinolinate",-1.75840975695399,-0.0862781623134808,0.162360121582903,0.239600967778574,-0.00784753258744607,0.122271667796069,0.114528054311603,0.00275727549655304,0.125374316842119,-0.0127806414587459,0.0642636126436023,-0.0672436281688272,0.0314672184294019,-0.030651788581298,-0.0177435323982481,-0.0645140396524437,0.0322860961063265,-0.0173211651401475,-0.0210021613969951,0.0364974814501647,-0.0334784055540585,-0.0274350438814537,-0.0487911968237305,0.0374981536748692,0.0349879628912518,-0.0102855224827282,0.000761554059866342,0.0189840749287417,0.0252067139941343,0.0317744348434007,0.000792413799832539,0.00135090517363439,0.0326866327095129,-0.0127529794681157,-0.0820155099179598,-0.00481341206865638,-0.0134251967753974,-0.0337760098837929,-0.0315519284775535,-0.0483972872521427,-0.00311214989360836,-0.0154095957152319,-0.0227682941649285,-0.0539929225388613,0.00547361256963322,-0.00130450244287211,-0.0131194879141875,0.000651170711482629,-0.014594308817473,-0.00289013136099995,-0.0157383549471087,-0.0011878563041908,-0.000915828948547464,-0.0028424550258314,-6.91596091466351e-05,-0.000489700680882318,0.00185524825401241,0.00186944027187441,0.000748930572704039,0.00071460723823813,-9.76032072310742e-05,0.000122628867439519,-9.0205620750794e-17
"Serine",-0.963917618944463,-0.183949153908472,0.160609173737866,0.0416142854792768,-0.104645742681643,-0.109731893792312,0.139243236175184,-0.00386919287036237,0.0495293225131101,-0.0637972712654468,-0.221730042241787,0.169415689407268,0.0115187543892836,0.0169875760692728,0.101390521378582,0.0556892876526824,0.116841016624059,0.0110528441637272,0.0510345424154311,0.0318367434694409,0.154036261671099,-0.0241780969881936,-0.202797817881053,-0.115607687095342,-0.0624479865062476,0.255147662443428,-0.0305452878506687,0.0199115242171086,-0.0418080496552013,0.0652053129865639,0.0594862978977049,0.0010254363957387,0.0452735671491208,0.0749524074870052,0.00656916143309739,0.0188513167669489,-0.0174514797735561,0.0211914072051866,-0.00680798843242911,0.00811160983290893,0.0293188296340174,-0.027023457346074,-0.00424516588678828,-0.00123750341306738,-0.00573445421923039,0.00157255844267448,0.00565690089476962,0.00390047685770227,0.000631836451245211,-0.00653920323405979,5.83144926050627e-05,2.19032372654904e-05,0.00125409403842067,-0.000540010936656413,0.000786174246160285,-0.000896040368456322,0.00117703444046098,-0.000513540952396974,0.00020388748558264,4.48228763448213e-05,-0.000151484616134073,0.000111738402743482,0
"Succinate",-1.89722889947989,-0.102447139954756,0.0979044822435024,0.152291575087364,0.059719143797825,0.0686139415232239,0.106083493103849,0.0144061892456149,0.130542931055629,-0.0393059517831837,0.0534079090473008,-0.0325871375762535,-0.0515918245588905,-0.00758647522468692,-0.0256696598869225,-0.00800938961359735,-0.0101644187148305,-0.0488975422734964,-0.0463853785430845,0.00298477338518492,0.0346356958004793,0.0500217601651799,0.037585986667094,0.011228758291543,0.0709509910818443,-0.0226604146935755,-0.0768837439733921,-0.0420131491101891,0.00863748464936131,-0.0234686480994948,0.0326764350632648,-0.0559033091678602,0.0215680422946327,-0.011119483163598,0.0165724062169733,-0.0461276489765553,0.033102715999019,-0.0102839877653162,0.0275247460880654,0.00186995723159215,0.00419248707406881,-0.0481996454502358,0.0321826996825729,0.0124948116950563,-0.0190100366928567,-0.00632054806138664,-0.0215600436740359,0.0316948438658814,0.00584190649854691,-0.00479270692439125,-0.00955486107987465,0.00765340250919268,0.00353098242688169,0.00283121933976734,0.000543995210121759,-0.00163015994498167,-0.0011165582297708,0.00194963851260275,0.00198397107307188,0.000279114946468333,8.33319456223884e-05,3.8514315857812e-05,-5.55111512312578e-17
"Sucrose",-1.52030845391805,0.239729282053329,0.0293034295739719,0.132939759981556,0.0359958218254147,0.140479660088779,0.150212813133284,0.00540667042736754,0.217166128068456,0.116424482136421,0.199031441820667,0.264357728261619,0.535107069464695,-0.311057986865518,0.667702508452021,-0.193253423593958,-0.0687322619171562,0.0489660471880943,0.0363874554857948,0.0235110827485862,-0.0795524859588665,-0.0478131722319843,0.0257424192672305,0.0306095701866621,0.040418999851981,0.00388456659653807,0.0454013735773825,-0.0360080692672295,-0.0808438702499904,-0.0144656173748543,-0.0225876862709798,0.0313910734813918,0.0291859269285746,-0.0218196757279375,-0.00180960861157847,-0.00996341961341276,0.0136482020538511,0.00701797567470251,-0.00324376667880926,0.00404295565222555,0.00457104461039623,0.00221307289050995,0.00264362336441328,0.00279314622456496,-0.0104700978637322,0.00475349587049922,-0.000111948779458727,-0.00222324481697846,0.000672429010515455,-0.00140174836259423,2.58819669668522e-05,0.00133505604439072,0.000704151210032629,-0.000600189689545567,0.000761200585129518,0.000106253477742346,-0.000430056546262089,7.94479241590998e-05,-0.000157777218232652,-0.000241895382212925,8.98637954707404e-05,-8.6008422412534e-06,2.77555756156289e-17
"Tartrate",-2.05757653443384,-0.114909755911087,0.201051745961546,0.140486651805436,0.0331278278057201,0.0747028358125046,0.0715979341774495,-0.00775020035670229,0.106208228663587,-0.0217916013762867,-0.0384085218821666,-0.0356311585964368,-0.105467157163306,-0.0878670070638311,0.0257579288996169,0.0192744654299036,-0.0752452639749247,-0.00453531917795189,-0.00948803005177743,0.0105140805934773,-0.00437332022864261,-0.0542803765888414,-0.0169351399386005,-0.0728421383510849,-0.0917179792599288,0.0325107815030132,-0.0191182880077352,-0.0635491819851623,-0.0606544705526282,-0.0328339887855256,-0.000326584451757737,0.0709435236141432,-0.0440926156712971,0.0493655413120824,0.101176750802922,-0.0328884236366573,-0.00104469509299728,-0.0596141207845507,-0.00377814041715105,-0.0180957983624772,0.00700966333912465,0.0452804923334339,0.00867887581125645,-0.0255494738480905,0.0175028029592862,-0.017128789286719,-0.0191360422905403,0.00690533315996034,0.00551424870428368,-0.00249070788265445,-0.000385792077965399,0.001534136076476,0.00115827482950101,0.000672317474648673,0.0014147254153724,-0.00125342238086262,0.000135201479560317,-0.000155089088137498,-0.000341531237270397,-0.00038635879314671,-9.88856491406613e-05,1.45086261795595e-05,1.38777878078145e-17
"Taurine",1.02391705652023,-0.152347220480303,-0.18427850048954,0.41126781254497,-0.924478979830325,-0.779588266225467,-1.28259340768058,-0.811390772815216,-0.417370993150471,-1.51440149910025,0.377472671414703,0.112544291308959,-0.0827296437570668,-0.0134020993919942,0.12093714098888,-0.0108978230186118,0.0173811131263276,-0.0129113901811205,0.0159396450205955,0.00656282517351133,0.0374623967911132,0.0432677634798018,-0.0265454007207958,0.0203187079242728,-0.0226685953266985,-0.0147610867054185,-0.00634311742616444,0.0273094216518651,0.0254048447155552,0.0107100552169038,-0.0126113453766295,0.0256622407671763,-0.00889228054675445,-0.000921304201906248,-0.00376315233210759,-0.00120323332518745,0.00136758569157605,-0.00678462365990282,0.00137687330058087,-0.0020879052106193,-0.000221605426560929,-0.00235283184754809,-0.0013680250409787,0.00165072452899848,-0.000567675526106223,-0.00247702503121425,-0.00072152451285918,0.000974966113712648,0.000961795082310859,0.000289304219653973,0.00112411425923645,0.000715466327670725,-0.000177562436408962,-9.06877980087172e-05,-0.000254449664937272,4.01569256424511e-05,-0.000221436898436254,9.3705292630121e-05,3.91693975873783e-05,1.99684670089849e-05,2.12226573557388e-05,9.76961848812678e-06,1.52655665885959e-16
"Threonine",-1.61817486537654,-0.169809128598591,0.196248216983962,0.100443548127301,-0.115627771655455,-0.0254130954196058,0.109520128584412,-0.00613132561137208,0.0806261473989622,-0.00123487695673478,-0.0449555801904701,0.0419116519083799,0.0389314499202758,0.0211151662870029,0.0140905472192304,0.0491955941274344,0.0322438760783582,0.0371385978609734,0.0225894980398245,0.00732458826358352,0.0183042776809489,0.0304175254107677,-0.0478573258906441,0.0114205370481505,0.0582778142627129,0.0483105385049159,0.00663896496105222,-0.0504353999233994,-0.00147620823473961,0.080837248739154,0.056355415326597,-0.0109915975037811,0.0450583779841841,-0.0150498230025262,-0.0426823183506669,0.0309078474793586,0.0689796569684063,-0.00934582356928131,-0.00318667869297432,-0.0175473111837405,-0.062056886243091,0.014274272879571,0.0218224028088116,0.010447530934588,0.0381421736623214,-0.0228449397257545,-0.00615262005026352,0.00439976521675203,0.00332497555025099,-0.00143098778363888,0.00773504500788202,-0.00201371210414245,0.000793337612973882,-0.00233214907915804,0.000257795777882408,0.00265915050227573,-0.00208312260340413,-0.00167769159429504,0.000146152694340006,-0.000370117015774045,-0.00019358021234836,9.58703247654451e-05,-2.77555756156289e-17
"Trigonelline",-0.566594524965278,-0.0471456553611802,0.184957903673621,0.182895919454663,-0.374323815422637,-0.182023784731701,0.419907916142219,0.106293533021601,0.447074417722293,0.471123379879236,1.07407550968668,-0.140343405839246,-0.172445225657009,0.475052545914631,0.151202796091444,0.0540278227289649,0.125073408928869,-0.0551139451418198,-0.00791686994387444,-0.0519881147436325,0.0245174083267923,0.0170098782831449,-0.110211851579516,0.0238242548673819,-0.0234339521106595,-0.0295108097119795,0.072186491617962,-0.0401493618645565,-0.00780996676500956,-0.0113508032104653,-0.00476506963512802,0.00209153487955465,-0.0170641036789613,0.0270319374421385,-0.00660737380652001,0.00481563083958666,-0.00965874268224863,-0.00309557575150427,-0.00659498978666096,0.00672188837262342,0.00507592041080628,-0.00378168845000848,0.000687287125433731,0.00492422973782095,0.00160346510278136,-0.00148904937721007,0.00181124265502465,-0.000383260353394286,0.00226405209607895,-0.000856236090599104,0.0014709116520574,0.000802725266617198,-0.000319364733291687,-0.000118029163288871,-7.76790216359749e-05,-7.33599750724068e-07,-0.000319438138059302,-9.18712997679538e-05,-0.000184892017137298,-0.000188880581048578,3.30664075355244e-07,2.36865505583508e-05,-3.46944695195361e-17
"Trimethylamine N-oxide",1.92044414549055,-0.195331933810099,0.0510024523049637,1.19108817043041,3.15481465376625,-2.05445188407738,-0.319432446269204,0.509611805079832,-0.412333628791092,-0.0148989846084388,0.0368706889986728,0.00837571528545616,-0.0177575222052198,0.0564892870029703,0.0167585471185766,0.0247796573802384,-0.00320611135221939,0.0223340029770367,-0.0388035424249517,-0.0132811992465664,-0.0402084840517562,0.0484586173207112,-0.0144266989980598,0.0104119541468404,0.00779201832504861,0.024791386795817,0.017949031531977,-0.0473650882772047,-0.0056624746026622,-0.00861871617401649,-0.00860792924071146,-0.0010891081556293,0.00273828427120387,-0.00198586511509868,-0.00597373418484778,-0.000595434431085701,0.0049492359358918,0.000654950783902767,-0.00256116992293906,0.00275707172743704,0.00344186485684442,0.00150356318591159,-0.000379558726395043,-0.00263777630692737,-0.000739309246443776,0.000521477570446544,0.000586117553382809,-0.0013847519805853,-0.000400107437386887,-7.44939014622192e-05,-0.000705183080958301,0.000192329977759892,-5.21365007207335e-05,-0.000192978047608219,0.000165941554509677,0.000100644675167572,-2.70244707710476e-05,-2.21637889351589e-05,-2.2324414886532e-05,-2.07509097629316e-05,6.00239830732263e-06,7.91623472337633e-06,-6.66133814775094e-16
"Tryptophan",-1.79905140731391,-0.0985683103747969,0.151914429853569,0.188009995866642,0.00305771510823087,0.0882974679599619,0.0377830382619437,0.00993256819973886,0.0510772142844109,-0.0143705523870122,-0.0503370028570786,-0.0338560009423812,-0.0117576475508548,0.0416830339529256,-0.050073784588083,-0.0230466400878741,-0.0315192285785845,-0.0345075408577696,-0.0436397301728062,0.0333339264612109,-0.0462599502240202,-0.0336187544713421,-0.0179724854645065,0.0555602966773009,-0.0658827762016798,-0.0296134272450575,-0.0163059569752636,0.0563218926347123,0.00212729374106458,0.0134653837312995,-0.0257463023321531,0.0628176249931188,-0.0151421752045578,0.0146541961702487,-0.0314216848207685,-0.00852723386498431,0.0117400679797913,0.0750963863866189,-0.0333032439663981,0.0508162466722432,0.0112781105143148,0.0366723951845695,-0.000431715703408958,-0.0100122976683659,0.00654203335448685,-0.00225996656701332,-0.0118014244204579,0.0324650621244457,-0.0127389900228206,-0.001240508049813,-0.00146088294171479,-0.000777266645991807,0.00765804026000045,0.00151033035730182,-0.00157149769832879,0.00170254920097969,-0.0024294144120901,-0.000235578272360225,0.000430183379447217,0.00105757314803677,0.000107790561971955,-0.000141678223114759,-1.04083408558608e-16
"Tyrosine",-1.72656240188961,-0.145836058212883,0.136073297712199,0.147496060587979,-0.012034399281068,0.0660387189188944,0.101824698770449,0.0688725657957036,0.0406183918085025,-0.0116584577810655,-0.0352402009483609,0.0200795385373097,0.0169979107088839,0.0613350051868982,-0.0772249115982944,0.0319753455273778,-0.0688278748862092,-0.0326991342389985,0.00723169165275778,-0.00385199338630789,-0.0441050652576348,-0.000172643551026828,0.0210845793780921,0.0379320376632274,0.00155514584762476,-0.0431233006774384,-0.074119567947252,0.0537591819940827,0.000422285673966016,0.0186346185130805,-0.0146469428644276,0.0531910874583523,-0.0150203088004058,-0.01754914883889,0.039878627210344,-0.0262612996974916,0.0380527007781462,0.00981994548797416,-0.0665630290653718,0.048121099627037,-0.00462746910213705,-0.0448011025479569,-0.0114999702776499,-0.00159943927618216,0.00463217216378555,-0.0166581321031053,-0.00587926982943591,-0.0271851376815549,0.0129372332666754,-0.00742859376688374,-0.0042891729247439,0.000428007693972221,-0.00309299949388409,-0.00450698151470654,0.00132705899051811,-0.000314507104304945,0.000997960858627682,-0.00146896228855087,0.000955020770152054,-0.00158287712410357,-5.90492635018057e-05,0.000160700627088277,-6.93889390390723e-17
"Uracil",-2.02474221211472,-0.0665714633978051,0.155760406455033,0.210047628260429,0.0530607124523355,0.167261569144762,0.0243582158909795,0.0234824037245858,0.0774691149902899,-0.014728281602475,-0.0147535195164809,0.00957537727165104,-0.0300850473351916,-0.0493805161592273,-0.0180937261969721,-0.0367747819861821,-0.0280214549802369,0.0308875333935828,-0.0291999290905477,-0.00508589803898871,-0.0192366769060959,0.00175784278284045,0.0353287285009294,-0.00292776034762503,-0.00220257137235943,-0.0150469133469773,0.0344428805757227,-0.0388961095966803,0.0247471244112523,0.0397928192555702,0.0256747388399835,0.00368048340180138,0.023002360499998,0.0311250434966444,0.00272500395248609,-0.0176968218127632,0.00587354856298158,0.0353536532274063,-0.0155102520896902,-0.036884892274213,0.0316655768048835,0.00906589578737804,-0.0205436419364888,0.0366321549615298,0.00390990786018888,-0.0401262085164714,-0.00371601903739165,-0.00604076224856177,-0.000155636532666684,0.0238338608138272,-0.0073811333802394,0.00413564261088149,-0.00761217562326057,0.00397242728111522,-0.00441614311567133,-0.00130909803853062,0.00141653000680964,0.00168351912266299,-0.000541522091939056,0.000637187599766425,0.000304945500381695,-9.96122725463212e-05,-6.93889390390723e-17
"Valine",-2.02000109349119,-0.0711051961717614,0.0870011070964195,0.199552204698757,0.00181749587897322,0.116599135071363,0.0689952810937813,0.0188309528815741,0.0167193117719876,-0.0215290257211823,-0.0239835932436229,-0.0309916342371818,-0.0333453915724626,-0.00597959654682083,-0.0371191901229129,-0.0165056911773585,-0.0385060076117306,-0.0228064972184465,-0.00262662205263191,-0.00769955822157605,-0.00933843817466408,-0.0154363878880836,-0.0035632825627115,0.0139664283202181,-0.0176328118980947,-0.0245588133779648,0.00325427272592504,-0.0208428463944172,0.0153116379386205,0.0196692703740723,-0.0214766303198757,-0.0129301927145819,-0.00251653397545022,-0.0127554313420474,0.0097254470811577,0.00925815053043781,0.00992231523674261,0.020390588387827,0.00514009090174274,-0.0121605478618471,0.0153370500126775,-0.0124871309325533,0.010924865216419,-0.0112478091879222,-0.00364305481835822,0.00784659733171951,-0.0188402408412568,0.000809555764885478,-0.0192036313095033,0.00148286186536582,0.0195420292441152,0.0116425426618124,-0.0157722894299328,-0.00807005147899525,0.00674030541309523,-0.00355973462444573,0.000228430155140118,-0.00333482352938131,-0.000302290603730569,0.00128133640157582,-0.000279019979387281,-0.000290077323130866,-2.77555756156289e-17
"Xylose",-1.60546849277758,-0.0857979233624671,0.0352887711669439,0.284641417447565,0.0336129543959473,0.14480070350446,0.0297100285466129,-0.199723900655847,-0.0222970681310313,-0.282638698154194,0.0647481689935205,0.165360364979506,0.0106701892360538,-0.232080347437613,-0.299616071158974,0.0744950983993529,0.190651410986965,-0.173887084628183,-0.0687752480656539,-0.288160393636163,-0.0565775169802625,-0.297373221223355,0.00776844254496795,0.0704056992118966,0.0692947337442748,-0.0112973406092468,0.0893651826369012,-0.0956738329472069,-0.0818056373573491,-0.0270878023255738,0.0595640474745111,-0.0248868904219098,0.0349366976669366,-0.0116002593238065,0.00684555342615546,0.000934489289998154,-0.0176264248610921,0.0159720667312306,-0.00415490360326577,0.0145326549879537,-0.00139989020738144,0.00498911744423916,0.0040063163197493,-0.00633196148941417,-0.00327696812406326,0.00202961983841359,0.0027476493000863,-0.0033132312956278,0.00297366711839715,-0.000163866169311203,-0.00179258410421598,-0.000356093611333083,0.000801595354163014,-0.000551042205084736,0.000926820697460808,0.000108740800385587,0.000334462784541086,-0.000368696575853374,-2.44964773919512e-05,-0.000268820547459827,5.1588241154199e-06,9.36682788280768e-06,-1.2490009027033e-16
"cis-Aconitate",-1.13734236103134,-0.151746016845537,0.234015358756623,0.0540071000745897,0.0378711380342211,0.151275349201627,0.0129322725621612,0.0705578508997302,0.119674931086033,0.0389905902276784,-0.163884605919905,0.0897200821820451,-0.388025536727711,-0.011489161376801,0.234197606772146,0.162038421320108,-0.0714158032525869,-0.107548570665728,0.085203644372822,-0.103002890229335,0.0681204949375293,-0.0103119774707035,0.00991982097027463,-0.156374471543947,-0.155424655879212,-0.0134395950813121,-0.0929686437842491,-0.0490645674577671,-0.00932358382324058,-0.149137623372339,0.0241215601547613,0.0499057636432271,0.036753965926281,-0.0476199237756457,-0.0641133394703665,-0.0226540384226772,-0.00283474556291261,0.0117707809589684,-0.000948170850948721,-0.00680601730189574,-0.0260525590804828,-0.00437429250955527,-0.0118709664112798,0.00869201428378238,-0.00423924729112796,0.00415815669919562,-0.00479909159716987,-0.00535429493227983,-0.00362050840956569,0.00320773649383761,0.000945752239119315,-0.00182829677284982,-0.00132395398090163,0.000347296445125714,-0.00112119243573966,-0.000109261194813443,-0.000557836321827428,-0.000298106566954056,-0.000442644992628489,6.12942226911259e-06,5.49889657733248e-05,-1.12677454157592e-05,4.85722573273506e-17
"myo-Inositol",-1.21292596737001,-0.0152801150451156,-0.191415339515818,0.00560457134111984,0.0312567825356297,0.406550023954927,0.0826192460357288,-0.0100085810735814,-0.37691647613602,-0.501813556556362,-0.259084158150815,-0.955494549481297,0.42288464399185,0.352232981439202,0.141300155477561,0.0140029994006704,0.00181187366471227,-0.0132683991225562,0.00624078515290647,-0.077895468659529,-0.04558898407559,-0.0342951671705496,-0.00466668115479521,-0.0180087122040535,-0.0379538979797391,0.0181480878012423,-0.0199181861445869,-0.0223533381199359,-0.0363645775489705,-0.0264381582884801,0.0194024356597528,-0.0412152791624562,0.0249513608649537,0.000386716685434232,-0.00146427205703412,-0.00766321777336871,-0.00107503488219404,0.00236106143536233,0.00148889001805072,0.00469500974188654,-7.7724314996773e-05,0.00730922340521734,0.000859350606262813,0.000319391552152338,-0.00376382794465183,-0.00124199632373861,0.00274494328949127,-0.00355315289346041,-0.00026482953290755,0.00159084357117342,-0.000234836404809744,-0.00123576487998255,-0.000146430449372759,0.000433673662707319,0.0004072192806929,-0.000158914437969462,0.000342419680434462,-0.000251783714422183,6.21058385329373e-05,-0.000304404363129035,-6.83353964176167e-05,4.4705999956738e-05,2.08166817117217e-16
"trans-Aconitate",-1.95546758325095,-0.128000089149961,0.098770096960718,0.216811248771524,0.0351641437553301,0.108547484421352,0.0891625257538654,-0.0343152863170659,0.0946776804183362,-0.00726735376714782,0.0480748245508267,-0.0161942475952999,0.0615091149403598,-0.104921660177983,-0.0131253836083286,0.0123957109389289,0.0153055285678762,-0.0240857628161858,0.0343162384245825,0.0306715034702159,0.0344267240368061,0.0555262961309894,0.0863162298732104,-0.0474469804303513,0.0409966371533904,0.00101747260980876,0.000943677790999957,-0.0224482605651209,0.0456277773177818,-0.0138568154725415,-0.037873091245067,0.0258904410229272,-0.0349868625723277,0.0831391532987797,-0.0456044766026348,0.00342130719986285,-0.00566293338920237,0.0475922283935499,0.0683718171309481,0.0279736980133455,-0.025940952617134,0.00165173938368453,0.0176521411509222,-0.0366184074387279,-0.00156154137779635,-0.0163426205310361,0.00194105093017787,-0.0129699302085697,0.00845099802130041,0.00871482762581068,-0.0040028577405342,0.00123495863301171,-0.000964463294975899,-0.00145744094709542,0.00221157653975448,-0.00199360171416194,0.00234686071227128,0.000467583813005323,0.000299206635336745,-0.00142237119143212,-0.000259398198365443,0.000216489046877474,-8.32667268468867e-17
"pi-Methylhistidine",0.149699318368851,-0.117028333937318,0.267923685334223,0.466067377156162,-1.34064481325391,-0.0349640777419259,-1.63937248028353,1.81632538983529,-0.411811400841526,0.549089027677997,0.0338157380002058,-0.105980749470634,0.037907164999526,-0.110077817593858,0.00217938386346434,0.0213435096874997,0.0154907117517103,0.00181916216059821,-0.0256539348701097,-0.0140038456139608,0.0440924685259022,-0.0287331953639281,0.00408900270706488,-0.00477652824585631,0.042033388183818,0.00762408140750619,0.00964997307276972,-0.0085331565718168,0.00725936616548698,-0.0158140709611818,0.013426246924191,-0.0014199551109642,-0.00235574166807313,0.00879558867391475,0.00396675652888059,0.00099183145105413,0.00583410094977519,0.0031164547729047,-0.00458931738980143,-0.00184353553666224,0.000991128890572804,-0.000746951689859427,-0.000257514690727553,-0.00261234108804375,-0.000176448930698209,0.000991920361480953,0.00113296186931747,0.000892048164928834,-0.000433514380054802,-0.000735987308971411,-1.56582024156363e-05,-1.60511510237937e-05,0.000385087123269528,-9.44486098090752e-05,0.000141489088377732,7.94030719083044e-05,4.80824263207197e-05,-4.05706934822579e-05,1.45736404772723e-05,-5.76707432573837e-05,-2.74427105302639e-05,7.92143302987339e-06,1.45716771982052e-16
"tau-Methylhistidine",-1.6439025974523,-0.154916663542277,0.165063712955725,0.240062029968012,-0.0472092434502255,0.174464810342542,-0.0967653613248777,0.139970069480006,0.0360635328235734,0.0497395308266503,-0.018894184348918,0.0257348084175616,-0.030392761207137,-0.0183888913811269,-0.0150982011615958,0.0018422694910095,-0.0512686762985425,0.0805676947165749,0.0532814111433747,-0.00229272235742812,-0.044798794463553,0.00934907706559217,-0.0567806686747453,-0.0685666511314381,-0.0193381477360142,-0.0255620309791377,-0.0248320918449777,-0.0680434135657127,0.0633672342016872,0.100606084021074,-0.0811894108615153,-0.0184565676818501,0.0856191869155435,-0.0645156628432078,-0.00837395559403235,-0.0152110402552909,-0.106185178833953,-0.0237493763435441,-0.00174311240151196,0.0444581721262345,-0.00371053762529183,0.0113090161566811,0.0199520897533828,0.00357876972732708,0.00385056831148843,-0.0124914655630235,-0.00278846641981504,0.00168953309695108,0.0076641002026089,-0.000813012821842388,0.000590971442330337,0.00104325238864162,-0.00204237875516446,0.000600527540621284,-0.00119648743891534,-0.000689373295493109,-0.000350867681311165,-7.67198118508915e-05,-6.28095979466961e-05,8.24233860098611e-06,0.000103504988148605,-8.36364373450436e-05,-8.32667268468867e-17
